{
	"name": "torchlight",
	"title": "TorchLight",
	"description": "TorchLight HUD Controls",
	"version": "0.12.0",
	"authors": [{"name":"PhilippeK"},{"name":"Pytheas"}],
	"languages": [
		{
			"lang": "en",
			"name": "English",
			"path": "./lang/en.json"
		},
		{
			"lang": "fr",
			"name": "Français",
			"path": "./lang/fr.json"
		}
	],
	"esmodules": ["./torchlight.js"],
	"socket": true,
	"styles": [
		"/css/torchlight.css"
	],
	"packs": [],
	"manifest": "https://raw.githubusercontent.com/humburg/TorchLight/main/module.json",
	"download": "https://github.com/humburg/TorchLight/raw/timed/torchlight.zip",
	"minimumCoreVersion": "0.8.9",
	"compatibleCoreVersion": "0.8.9",
	"dependencies": [
		{
			"name": "about-time",
			"manifest": "https://gitlab.com/tposney/about-time/raw/master/package/module.json"
		}
	]
}
